{"Accuracy": 0.5996653919694073, "Recall": 0.2105515587529976}