{"Accuracy": 0.8608169440242057, "Recall": 0.7719568567026194}