{"Accuracy": 0.5844208809135399, "Recall": 0.17933006535947713}