{"Accuracy": 0.5970325011775789, "Recall": 0.20697784064120697}