{"Accuracy": 0.8533333333333334, "Recall": 0.8926746166950597}